{
  "micro_precision": 0.1807714450201497,
  "micro_recall": 0.289134438305709,
  "micro_f1": 0.222458377612469,
  "total_tp": 314,
  "total_fp": 1423,
  "total_fn": 772,
  "category_metrics": {
    "Содержимое магнитной полосы": {
      "precision": 0.06349206349206349,
      "recall": 0.4444444444444444,
      "f1": 0.1111111111111111,
      "support": 18
    },
    "API ключи": {
      "precision": 0.4852941176470588,
      "recall": 0.8048780487804879,
      "f1": 0.6055045871559633,
      "support": 41
    },
    "Имя держателя карты": {
      "precision": 0.2923076923076923,
      "recall": 1.0,
      "f1": 0.4523809523809524,
      "support": 19
    },
    "Данные об автомобиле клиента": {
      "precision": 0.6666666666666666,
      "recall": 0.03508771929824561,
      "f1": 0.06666666666666667,
      "support": 57
    },
    "Номер банковского счета": {
      "precision": 0.17560975609756097,
      "recall": 0.972972972972973,
      "f1": 0.2975206611570248,
      "support": 37
    },
    "Полный адрес": {
      "precision": 0.3450479233226837,
      "recall": 0.8372093023255814,
      "f1": 0.4886877828054299,
      "support": 129
    },
    "Сведения об ИНН": {
      "precision": 0.0,
      "recall": 0.0,
      "f1": 0.0,
      "support": 48
    },
    "Свидетельство о рождении": {
      "precision": 0.047619047619047616,
      "recall": 0.09090909090909091,
      "f1": 0.0625,
      "support": 22
    },
    "Водительское удостоверение": {
      "precision": 0.0,
      "recall": 0.0,
      "f1": 0.0,
      "support": 31
    },
    "Гражданство и названия стран": {
      "precision": 0.75,
      "recall": 0.33962264150943394,
      "f1": 0.4675324675324676,
      "support": 53
    },
    "Номер телефона": {
      "precision": 0.09269662921348315,
      "recall": 0.75,
      "f1": 0.165,
      "support": 44
    },
    "Разрешение на работу / визу": {
      "precision": 0.0,
      "recall": 0.0,
      "f1": 0.0,
      "support": 46
    },
    "Одноразовые коды": {
      "precision": 0.0,
      "recall": 0.0,
      "f1": 0.0,
      "support": 17
    },
    "CVV/CVC": {
      "precision": 0.0,
      "recall": 0.0,
      "f1": 0.0,
      "support": 38
    },
    "Место рождения": {
      "precision": 0.0,
      "recall": 0.0,
      "f1": 0.0,
      "support": 53
    },
    "Пароли": {
      "precision": 0.0,
      "recall": 0.0,
      "f1": 0.0,
      "support": 21
    },
    "Дата окончания срока действия карты": {
      "precision": 0.625,
      "recall": 0.5263157894736842,
      "f1": 0.5714285714285714,
      "support": 38
    },
    "Дата регистрации по месту жительства или пребывания": {
      "precision": 0.15555555555555556,
      "recall": 0.4827586206896552,
      "f1": 0.23529411764705885,
      "support": 29
    },
    "Временное удостоверение личности": {
      "precision": 0.0,
      "recall": 0.0,
      "f1": 0.0,
      "support": 25
    },
    "Номер карты": {
      "precision": 0.0,
      "recall": 0.0,
      "f1": 0.0,
      "support": 24
    },
    "ПИН код": {
      "precision": 0.0,
      "recall": 0.0,
      "f1": 0.0,
      "support": 21
    },
    "Данные об организации/юридическом лице (ИНН, КПП, ОГРН, БИК, адреса, расчётный счёт)": {
      "precision": 0.0,
      "recall": 0.0,
      "f1": 0.0,
      "support": 61
    },
    "Email": {
      "precision": 0.4634146341463415,
      "recall": 0.9047619047619048,
      "f1": 0.6129032258064516,
      "support": 21
    },
    "Кодовые слова": {
      "precision": 0.0,
      "recall": 0.0,
      "f1": 0.0,
      "support": 25
    },
    "Серия и номер вида на жительство": {
      "precision": 0.0,
      "recall": 0.0,
      "f1": 0.0,
      "support": 15
    },
    "Дата рождения": {
      "precision": 1.0,
      "recall": 0.06451612903225806,
      "f1": 0.12121212121212122,
      "support": 31
    },
    "СНИЛС клиента": {
      "precision": 0.0,
      "recall": 0.0,
      "f1": 0.0,
      "support": 18
    },
    "ФИО": {
      "precision": 0.0,
      "recall": 0.0,
      "f1": 0.0,
      "support": 47
    },
    "Паспортные данные": {
      "precision": 0.0,
      "recall": 0.0,
      "f1": 0.0,
      "support": 41
    },
    "Наименование банка": {
      "precision": 0.0,
      "recall": 0.0,
      "f1": 0.0,
      "support": 16
    }
  }
}